{
	"NC 8" : [258.1858825683594,279.8446350097656,277.9328918457031,308.7226867675781,255.2486419677734,325.4089660644531,354.1777648925781,320.9013977050781,287.3081665039062,255.8026123046875,305.5279541015625,283.4542846679688,295.9463500976562,314.107177734375,604.8969116210938,670.0384521484375,644.9610595703125,640.50439453125,685.2303466796875,1273.5185546875,1376.854858398438],

	"NC 7" : [1.336072087287903,0.7994349002838135,1.391236662864685,4.5703444480896,8.97441577911377,12.93504524230957,9.532795906066895,7.566068649291992,11.73653316497803,0,3.840886116027832,5.340865135192871,8.163002967834473,13.9495849609375,20.21085929870605,17.97287178039551,24.87393951416016,34.16740036010742,38.29962158203125,36.45877456665039,38.35515213012695,39.69945907592773,39.90769195556641,36.2906379699707,30.38075637817383,53.53699111938477,55.75556945800781],

	"NC 6" : [184.1089019775391,197.2379913330078,200.2432861328125,169.4903564453125,205.0282592773438,230.0858917236328,197.9652404785156,187.1133728027344,191.5128936767578,219.6813659667969,149.7108306884766,112.2200088500977,111.5205535888672,135.0639190673828,156.4112091064453,175.8894348144531,149.3494415283203,161.9334259033203,180.0402984619141,197.8705139160156,196.2319183349609,175.561279296875,208.0069427490234,177.1339111328125,221.7770080566406,201.4198913574219,216.5122528076172,222.5471649169922,268.8551635742188,291.2208251953125,261.3700561523438,247.7469024658203,317.8171997070312,383.8487243652344,385.0009765625,363.7442626953125,417.5136108398438,342.4489135742188,340.4015502929688,395.1535949707031,333.08251953125],

	"NC 5" : [2.636315822601318,2.005555629730225,2.997503519058228,3.12971305847168,0.3999306857585907,12.51195049285889,18.35191345214844,4.008471488952637,7.605116844177246,6.795026779174805,10.95248222351074,21.2570858001709,17.88301086425781,14.78795433044434,23.47302055358887,28.77444267272949,35.93548202514648,46.71093368530273,50.4619026184082,46.1435546875,39.94365310668945,47.40238952636719,37.56903076171875,58.51077651977539,64.56137084960938,76.98980712890625,85.12535095214844,86.62071228027344,108.6796112060547,128.72265625,128.2907409667969,137.0521087646484,151.9634704589844],

	"NC 4" : [2.255884170532227,0.8501105308532715,3.500684976577759,2.678499937057495,2.457888603210449,3.037500381469727,3.742522478103638,6.020553588867188,6.467180252075195,18.0980396270752,31.92569351196289,15.30578517913818,42.08351898193359,47.5916633605957,95.01816558837891,63.80901336669922,121.7325668334961,130.3793029785156,120.951416015625,98.75627136230469,132.5207824707031,103.3048324584961,146.7599334716797,137.4181213378906,140.3121337890625,112.8300247192383,154.6331024169922,149.4385070800781,172.44921875,181.4418792724609,129.3668670654297,172.7944793701172,163.9475402832031,141.1935882568359,190.7131652832031,211.9517822265625,210.5457000732422,177.7202606201172,162.0451049804688,227.2103881835938,158.0533599853516,232.2323608398438,308.0787658691406,267.1576538085938,296.8496398925781,306.80517578125,369.7312927246094,301.0798034667969,351.5117492675781,408.6421203613281,343.4091796875,376.3846740722656,411.7881469726562,421.2877197265625,429.66259765625,902.5313720703125,880.4719848632812,834.06298828125,790.7992553710938,860.2525024414062],

	"NC 3" : [16.41744995117188,15.43088531494141,11.27013874053955,4.960231304168701,2.893524885177612,0.4062274694442749,3.545928716659546,13.19590377807617,7.647011280059814,5.353089332580566,0.1598710268735886,8.706645011901855,8.151453018188477,4.086277961730957,2.648938417434692,10.22468662261963,12.93765735626221,12.91522598266602,7.621119976043701,11.56227684020996,14.60376071929932,4.431308269500732,26.21992683410645,22.34192848205566,9.496978759765625,6.153724670410156,10.1697416305542,8.700357437133789,10.2125883102417,7.602685451507568,12.59262657165527,3.207860946655273,3.40453314781189,2.815764904022217,-0.5469891428947449,1.943452596664429,5.413124561309814,8.450724601745605,12.11888599395752,4.375977516174316,15.30134963989258,9.800139427185059,11.68930435180664,6.891945362091064,15.62294578552246,15.61142730712891],

	"NC 2" : [1.427640676498413,0.8302760720252991,0.3497155606746674,0.9170345664024353,0.3217637538909912,0.2808184027671814,1.686625361442566,0.7531917095184326,1.183425307273865,3.828231334686279,4.021756649017334,4.237836360931396,4.662094116210938,1.946804285049438,0.839846670627594,3.144951105117798,6.414353847503662,6.378387928009033,5.696610450744629,8.425750732421875,24.96262359619141,34.37263107299805,43.49777603149414,55.2901611328125,87.68415832519531,77.99444580078125,97.74359893798828,121.5004272460938,136.2060852050781,132.7581176757812,117.2682037353516,128.8341217041016,143.9618225097656,123.6085891723633,92.86954498291016,135.3189239501953,107.6212921142578,106.4898910522461,98.29487609863281,95.80323028564453,118.5760726928711,93.96183776855469,83.18838500976562,139.1673736572266,169.1602325439453,175.7225799560547,177.1957092285156,194.2326965332031,241.6190643310547,241.4088287353516,242.2183532714844,231.310302734375,259.266357421875,245.5582122802734,273.2806396484375,278.884521484375,283.4194641113281,278.4791564941406,270.1545104980469,259.7398376464844,234.8852996826172,250.8968658447266,249.7881927490234,255.0233917236328,251.4684753417969,269.4061584472656,300.2753295898438,248.0621795654297,342.9267578125,351.17919921875,332.9967956542969,383.4203186035156,360.2602844238281,408.291015625,356.7392272949219,338.9047546386719,349.6514282226562,341.9441528320312,440.666259765625,825.4180908203125,1116.824340820312,1031.931396484375,927.0355224609375,876.6551513671875,1077.214599609375,1123.84716796875,1052.518188476562,1460.555786132812,1621.051391601562,1567.498901367188,1479.78173828125,1247.8251953125,979.1572875976562,663.4755249023438,675.1222534179688,887.794677734375,1196.564453125,1499.557250976562,1381.463012695312,1602.56201171875,1654.272705078125,1825.06884765625,1574.086181640625,1290.284912109375,798.55126953125,655.8143310546875,623.8078002929688,672.9088745117188,1097.503295898438,705.567626953125,637.4815063476562,614.9769897460938,628.8116455078125,632.3934936523438,631.7234497070312,650.1690673828125,731.938720703125,1053.046264648438,1132.878295898438,1002.83203125,849.2124633789062,712.297119140625,541.7816162109375,524.2621459960938,508.0641174316406,512.7080688476562,483.5393371582031],

	"US 1" : [67.25481414794922,65.12099456787109,63.29752349853516,69.10649871826172,69.82460021972656,75.50907135009766,84.52880096435547,83.70946502685547,97.52947998046875,123.3648223876953,155.8329010009766,121.3747024536133,123.5909194946289,164.3092193603516,137.9975128173828,140.8539123535156,102.0542907714844,57.53212738037109,80.30237579345703,122.3547286987305,123.7977142333984,109.0984954833984,94.08012390136719,151.89306640625,135.6963348388672,119.9322662353516,118.6252975463867,100.7933197021484,134.6187133789062,134.4183654785156,136.4158325195312,150.2260589599609,160.7399444580078,147.4533081054688,145.5712585449219,150.0814056396484,149.9755706787109,128.4476013183594,139.8286590576172,112.9235000610352],

	"Sandhills" : [28.9039249420166,27.60930061340332,17.6016788482666,41.12893676757812,40.77215576171875,46.92696762084961,45.56314849853516,53.59297180175781,52.78592300415039,54.85300064086914,55.05292510986328,55.12821960449219,63.046630859375,67.70428466796875,71.27207183837891,76.89236450195312,87.62262725830078,102.4678039550781,93.92379760742188,109.9929962158203,150.3602752685547,104.1718673706055,106.1421966552734,139.248291015625,193.710205078125,152.8393859863281,65.41534423828125,106.9007720947266,96.42348480224609]

}